{
  "graph_info": {
    "num_nodes": 47,
    "num_edges": 97,
    "total_weight": 1878
  },
  "average_shortest_path_length": 5.45790934320074,
  "average_clustering_coefficient": 0.002127659574468085,
  "closeness_centrality": {
    "Product_Page_1": 0.17164179104477612,
    "Account_Dashboard": 0.15282392026578073,
    "Account_Login": 0.17829457364341086,
    "Menu_Level4_B2b": 0.1940928270042194,
    "Menu_Level4_B1a": 0.1940928270042194,
    "Product_Detail_4": 0.15282392026578073,
    "Menu_Level3_A2": 0.22115384615384615,
    "Product_Detail_3": 0.15282392026578073,
    "Product_Detail_2": 0.15282392026578073,
    "Menu_Level2_B": 0.24598930481283424,
    "Product_Page_6": 0.17164179104477612,
    "Menu_Level3_B1": 0.22115384615384615,
    "Menu_Level4_B2a": 0.1940928270042194,
    "Menu_Level3_B2": 0.22115384615384615,
    "Footer_Link_Obscure": 0.021739130434782608,
    "Menu_Level4_A2b": 0.1940928270042194,
    "Homepage": 0.21800947867298578,
    "Menu_Level1": 0.25274725274725274,
    "Menu_Level3_A1": 0.22115384615384615,
    "Account_Orders_Buried": 0.1329479768786127,
    "Buried_Account_Link": 0.2119815668202765,
    "About_Page_Isolated": 0.1796875,
    "Menu_Level4_A1b": 0.1940928270042194,
    "Obscure_Checkout_Step1": 0.12432432432432433,
    "Menu_Level2_A": 0.24598930481283424,
    "Product_Page_7": 0.17164179104477612,
    "Product_Page_8": 0.17164179104477612,
    "Confirmation_Page": 0.18775510204081633,
    "Product_Detail_5": 0.15282392026578073,
    "Product_Detail_7": 0.15282392026578073,
    "Product_Page_2": 0.17164179104477612,
    "Product_Detail_1": 0.15282392026578073,
    "Product_Page_4": 0.17164179104477612,
    "Product_Page_5": 0.17164179104477612,
    "Obscure_Checkout_Step3": 0.16083916083916083,
    "Legal_Page": 0.021739130434782608,
    "Contact_Buried": 0.2026431718061674,
    "Obscure_Checkout_Step4": 0.1862348178137652,
    "Search_Broken": 0.1796875,
    "Obscure_Checkout_Step2": 0.14067278287461774,
    "Menu_Level4_A1a": 0.1940928270042194,
    "Menu_Level4_A2a": 0.1940928270042194,
    "Hidden_Cart": 0.1108433734939759,
    "Menu_Level4_B1b": 0.1940928270042194,
    "Product_Detail_8": 0.15282392026578073,
    "Product_Detail_6": 0.15282392026578073,
    "Product_Page_3": 0.17164179104477612
  },
  "clustering_coefficient": {
    "Product_Page_1": 0.0,
    "Account_Dashboard": 0.0,
    "Account_Login": 0.0,
    "Menu_Level4_B2b": 0.0,
    "Menu_Level4_B1a": 0.0,
    "Product_Detail_4": 0.0,
    "Menu_Level3_A2": 0.0,
    "Product_Detail_3": 0.0,
    "Product_Detail_2": 0.0,
    "Menu_Level2_B": 0.0,
    "Product_Page_6": 0.0,
    "Menu_Level3_B1": 0.0,
    "Menu_Level4_B2a": 0.0,
    "Menu_Level3_B2": 0.0,
    "Footer_Link_Obscure": 0.0,
    "Menu_Level4_A2b": 0.0,
    "Homepage": 0.1,
    "Menu_Level1": 0.0,
    "Menu_Level3_A1": 0.0,
    "Account_Orders_Buried": 0.0,
    "Buried_Account_Link": 0.0,
    "About_Page_Isolated": 0.0,
    "Menu_Level4_A1b": 0.0,
    "Obscure_Checkout_Step1": 0.0,
    "Menu_Level2_A": 0.0,
    "Product_Page_7": 0.0,
    "Product_Page_8": 0.0,
    "Confirmation_Page": 0.0,
    "Product_Detail_5": 0.0,
    "Product_Detail_7": 0.0,
    "Product_Page_2": 0.0,
    "Product_Detail_1": 0.0,
    "Product_Page_4": 0.0,
    "Product_Page_5": 0.0,
    "Obscure_Checkout_Step3": 0.0,
    "Legal_Page": 0.0,
    "Contact_Buried": 0.0,
    "Obscure_Checkout_Step4": 0.0,
    "Search_Broken": 0.0,
    "Obscure_Checkout_Step2": 0.0,
    "Menu_Level4_A1a": 0.0,
    "Menu_Level4_A2a": 0.0,
    "Hidden_Cart": 0.0,
    "Menu_Level4_B1b": 0.0,
    "Product_Detail_8": 0.0,
    "Product_Detail_6": 0.0,
    "Product_Page_3": 0.0
  }
}