{
  "graph_info": {
    "num_nodes": 39,
    "num_edges": 124,
    "total_weight": 3793
  },
  "average_shortest_path_length": 3.661268556005398,
  "average_clustering_coefficient": 0.47777777777777775,
  "closeness_centrality": {
    "Reviews_Tablet_Mini": 0.2360248447204969,
    "Product_Accessories": 0.31666666666666665,
    "Products": 0.4,
    "Account_Profile": 0.22485207100591717,
    "Blog_Post_1": 0.3089430894308943,
    "Order_Confirmation": 0.2857142857142857,
    "Reviews_Phone_Plus": 0.2360248447204969,
    "Checkout_Shipping": 0.22485207100591717,
    "Product_Detail_Cases": 0.2773722627737226,
    "Product_Detail_Phone_X": 0.3064516129032258,
    "Blog_Post_3": 0.21714285714285714,
    "Product_Tablets": 0.3333333333333333,
    "Reviews_Laptop_Pro": 0.2360248447204969,
    "Product_Laptops": 0.3333333333333333,
    "Product_Detail_Laptop_Air": 0.3064516129032258,
    "Reviews_Phone_X": 0.2360248447204969,
    "Reviews_Laptop_Air": 0.2360248447204969,
    "Reviews_Tablet_Pro": 0.2360248447204969,
    "Checkout_Review": 0.25,
    "Product_Detail_Phone_Plus": 0.3064516129032258,
    "Product_Detail_Laptop_Pro": 0.3064516129032258,
    "Product_Phones": 0.3333333333333333,
    "Product_Detail_Tablet_Pro": 0.3064516129032258,
    "Account_Settings": 0.2235294117647059,
    "Contact": 0.2638888888888889,
    "Account": 0.2814814814814815,
    "About": 0.3220338983050847,
    "Blog": 0.2733812949640288,
    "Order_Detail": 0.3140495867768595,
    "Account_Orders": 0.26573426573426573,
    "Checkout_Payment": 0.20765027322404372,
    "Homepage": 0.35185185185185186,
    "Checkout": 0.2753623188405797,
    "Product_Detail_Chargers": 0.2773722627737226,
    "Cart": 0.3486238532110092,
    "Product_Detail_Tablet_Mini": 0.3064516129032258,
    "Product_Detail_Headphones": 0.2773722627737226,
    "Account_Addresses": 0.2222222222222222,
    "Blog_Post_2": 0.25675675675675674
  },
  "clustering_coefficient": {
    "Reviews_Tablet_Mini": 0.0,
    "Product_Accessories": 0.6,
    "Products": 0.5333333333333333,
    "Account_Profile": 0.6666666666666666,
    "Blog_Post_1": 0.3333333333333333,
    "Order_Confirmation": 1.0,
    "Reviews_Phone_Plus": 0.0,
    "Checkout_Shipping": 0.0,
    "Product_Detail_Cases": 1.0,
    "Product_Detail_Phone_X": 0.6,
    "Blog_Post_3": 1.0,
    "Product_Tablets": 0.8,
    "Reviews_Laptop_Pro": 0.0,
    "Product_Laptops": 0.8,
    "Product_Detail_Laptop_Air": 0.6,
    "Reviews_Phone_X": 0.0,
    "Reviews_Laptop_Air": 0.0,
    "Reviews_Tablet_Pro": 0.0,
    "Checkout_Review": 0.0,
    "Product_Detail_Phone_Plus": 0.6,
    "Product_Detail_Laptop_Pro": 0.6,
    "Product_Phones": 0.8,
    "Product_Detail_Tablet_Pro": 0.6,
    "Account_Settings": 0.6666666666666666,
    "Contact": 1.0,
    "Account": 0.3,
    "About": 0.6666666666666666,
    "Blog": 0.3333333333333333,
    "Order_Detail": 0.0,
    "Account_Orders": 0.3333333333333333,
    "Checkout_Payment": 0.0,
    "Homepage": 0.2,
    "Checkout": 0.0,
    "Product_Detail_Chargers": 1.0,
    "Cart": 0.3333333333333333,
    "Product_Detail_Tablet_Mini": 0.6,
    "Product_Detail_Headphones": 1.0,
    "Account_Addresses": 1.0,
    "Blog_Post_2": 0.6666666666666666
  }
}